{"stat.flyOneCm":901495,"stat.killEntity.Skeleton":1,"stat.walkOneCm":38020,"stat.pickup.minecraft.bone":1,"stat.jump":94,"stat.playOneMinute":59200,"stat.climbOneCm":590,"stat.pickup.minecraft.wooden_axe":1,"stat.leaveGame":1,"stat.sneakTime":4076,"stat.pickup.minecraft.arrow":1,"stat.killEntity.Spider":1,"stat.damageDealt":211,"stat.crouchOneCm":2780,"stat.timeSinceDeath":59200,"stat.useItem.minecraft.wooden_axe":6,"stat.sprintOneCm":6461,"stat.mobKills":2,"stat.useItem.minecraft.stone_slab2":1874}