{"stats":{"minecraft:used":{"minecraft:water_bucket":1,"jitl:gilded_dungeon_bricks":3,"jitl:dungeon_floor":16,"minecraft:red_wool":74,"minecraft:grass_block":123,"minecraft:red_concrete":245,"minecraft:oak_planks":285,"minecraft:chest":7,"minecraft:sandstone":164,"jitl:gilded_dungeon_stairs":262,"minecraft:structure_void":450,"minecraft:structure_block":25,"minecraft:stone_brick_stairs":9,"minecraft:stone_bricks":20,"jitl:des_block":1,"minecraft:gilded_blackstone":5,"jitl:dungeon_lamp":1,"minecraft:glowstone":1,"minecraft:dirt":1,"jitl:dungeon_bricks":1209,"jitl:shielded_gilded_dungeon_stairs":98},"minecraft:picked_up":{"minecraft:ladder":5,"minecraft:leather":2,"minecraft:lead":1,"minecraft:grass_block":1,"minecraft:arrow":1,"minecraft:oak_planks":1},"minecraft:dropped":{"minecraft:dirt":1,"minecraft:oak_planks":1,"minecraft:structure_block":2,"minecraft:sandstone":3,"jitl:dungeon_floor":1,"minecraft:glass":1,"jitl:dungeon_bricks":1,"minecraft:grass_block":2,"minecraft:structure_void":1},"minecraft:custom":{"minecraft:time_since_rest":341892,"minecraft:sprint_one_cm":118985,"minecraft:walk_one_cm":180364,"minecraft:mob_kills":1,"minecraft:drop":13,"minecraft:damage_dealt":56,"minecraft:fly_one_cm":1748569,"minecraft:open_chest":1,"minecraft:play_one_minute":341892,"minecraft:crouch_one_cm":7626,"minecraft:sneak_time":13651,"minecraft:jump":1293,"minecraft:leave_game":29,"minecraft:walk_on_water_one_cm":1819,"minecraft:time_since_death":341892,"minecraft:climb_one_cm":1326}},"DataVersion":2586}