{"stat.walkOneCm":974,"stat.pickup.minecraft.bone":17,"stat.pickup.minecraft.golden_apple":1,"stat.pickup.journey.heartsml":1,"stat.leaveGame":4,"stat.pickup.minecraft.string":8,"stat.jump":5,"stat.pickup.minecraft.enchanted_book":1,"stat.pickup.minecraft.melon_seeds":2,"stat.pickup.minecraft.gunpowder":16,"stat.pickup.journey.bloodbricks":1,"stat.useItem.minecraft.stone_slab2":24,"stat.pickup.minecraft.gold_ingot":1,"stat.pickup.minecraft.rotten_flesh":12,"stat.pickup.minecraft.diamond_horse_armor":1,"stat.pickup.minecraft.name_tag":1,"stat.pickup.minecraft.bread":1,"stat.pickup.minecraft.record_cat":1,"stat.pickup.minecraft.pumpkin_seeds":4,"stat.pickup.journey.essence_catalyst":3,"stat.flyOneCm":11431,"stat.playOneMinute":7095,"stat.pickup.minecraft.redstone":8,"stat.timeSinceDeath":7095,"stat.pickup.journey.magic_dust":3,"stat.pickup.journey.tomatoseeds":46,"stat.useItem.minecraft.spawn_egg":1,"stat.pickup.minecraft.wheat":9}